File Name,File Size,File Content,Hash Value,Attack Type,Original File,Modified File,Original Hash,Modified Hash
file_0.txt,4525,mNhMyFNAV6oFKN03B04xJMWEKxplk0JaYx448iJjpbCJ51PMrPtXGVinCV9wJIIIv5atupVEYwECVD935zMXNUPJnkozIZwbLUJ71QHYj4xiX7SJIMB0W8JKSlubpmTBli8ynkLLXGSWAPVkr379QMckcXBN5BU7bG12tIaLyFmh2q38TGsTsHNpmj86X2BtNa4Gyp9fOFcWsmM9kdNK4G7LwR5Ls5ulCUWItAtTsCsf5qf72XYIrZEDNXx4TPkfau0NdZPeo6dRdsbmXUhgSmhBhdPc0ejy3mCTVjdEWtU1XMBx2NtlsMXGkVc0oIy4AbyL9Zs0iUIX347dceXqBpRXbVq1kALBtZq6WkZUFJsSnoVUlmLqQLAdyZATAyIP8b9oBM1yz0kp2rymOxGx7Kn3Nw157fwAekiDJ2pf2Kep6W5JHhuW6vZdYW0Lv3Cwby444PlV1TjulCn9QYAWwgGHahRHuuqZfhQ72xvxw3BU4kfx59c5Eya3NA1inBdwE4HenoAHrSLIBvl1dh9Y8r1Vtj6zzBfSae6xNWGRCmAxDLA4JLVEI47f9buLi0CCiMQYipSB2UnJTAufW7LchX2jyMgtEnoFHzLHLl3TSXfZ9zmDsHLuKna3zwe08zc64E2nbQ7lQCCdIgTIwv6wW3BkJ4eYkazHMoe5RAXywUbbA8pma27KHm2UN8NYYoPdG0onBpxuumwUF9SPgKaiQBfQuQWz1G3HigLyNKOT5kqrsskJvwuttDl9Q1aXDZ26eSGixJlJElRnDdDh1Rv1nSzurFihNnxf8skU0tHNpy1oucJmEVMGReuCsxviqr93gNtwWUXjftBXEG2Zc3OA4CcMAmRfvZlq7QD1k8bpva4bbWqVYyMW501KMEJ8RrYaUk4YzUlXuyTDPtxmsFzrsmQPSFhQK9u3M4UqkKdAlnyhJXdlxJBIkQ3glMUKUNPUBoa85BNovb3HgGb9jhHKdijjGXnyFSFy2zAPMYNVVrqJPzZutZHFjdn6TCXv1LsSlOmmZWt9Kxag8gFrkKAPuTChjre51Ppa3POPVyMUwOsDZaP86bXf0H09MTRUirI31M9v3HOqSwV89BsA5AlRPcjkEm7GQElvfWdx0QhB2sq0AHvi2RDQTxsXwbJUVpEfgGeaQYxQ3tMmwLddyRhgQSHvGyk3mhDLlgp1oVRNd8VKjl4K1IWbnw4c210l1osn6j1jxOyfafVoatFGg2bS9PxqEzPFTab02PPqMvofsvOqK54oEHaNdl6lYbPUidwOQpKWjqfvfFyOEfscyQXKOUWpiivH8Y11pmWx5YTFRL8uhtMW3aMfwB16THHFCHbCMe7xx8r5R3rYTSmTk622JkxPBETLt3xEQBgG2qNlbAveEAZXXa3EPvn0tBQX02qQl6sAquhveIYHzIDlBEpr9A7JAHBgxJG36WnfZD7mVe8NspaOrISRPdgOs1VQuj48xqAG7xsvH7yb6ijDL8XJlMJzmBHU4rYYXiOIYciMOzRfOeusvyggKZodz4Y5z95EqvB1fVKdzhQsrobnkpVq3gNyxbz9XcqxJxFMzr9HdyS06YRGcpYWQj4XQvlvEfrj7aVYKPx9DNvN1AXO9MDG1p2gUwLRKwMfXyrjO8bazKN9mCn4hGtgdyNwVZfVM4KGlyhIYHYRR5HHzJTnof8VknIqY2Nj6WW3iH6UQP9hrxkHrAOlunjuGZ4HwLFu2CB9pRDTrbLYttfuZKxryhWn6IJnFcEEb8m4BtfUM8L2o388aWtarUsiT8FBr2R9GdmfeYfrxzbENeBImxKcplc92mLqrgfFm09yvMStIKGUIHByDYPg4Ok9J5fLShrrL8p92qPjRU1WE31xFrlPUTTcJywu40rW6MtHYjZTQvsfAiZph2kS1c9advFge8CWmWObOmfdXSsJgH2bkqrcSXVQXLWjHcP8xCKXUvghkjakmJbeybiYDugr3tbIE66nirFtsIspC3R3TkhYdXPdPXWfl7VqrtVrcQEXSsEMBHOooDuZLfk1R0qk5UEHtJHBHlqsofMMLvHu6hzH8fhSajeaiQRiBOZ2XPM2ip1u4rgDWOF7WHpH8EwIbisWfyrqbTXA0W9vb08WmMa9XuVJYljPICk6MnrFKfqgBdQSzoj25v2SL1wkjfEGg2GPdYVlhlIJQnolgGHCk9d04XcUUTfrY7u9aa9LPiPf3aU7mqH6aEYhiavybuuvG3SXsheUYTQeTkdWLA3cR8uv2wiygbctMFqjLavdrTl1DgcCeUKxEOzg25I2wjeVZLUZ8lpnM3tWPJ86OtBnWHujyQmQFmLNsJ82WZzVCnnQ3EkK9IUs86b8aIHDjeyTLQjAvcY4VrLo4gBFyzWPUNgN5zA9iBnVAMvCvaCYyJiLPmHZx7aDovHQZCbeh0IBV1pFFiqP7SjSauxf0Cn2BgHuB6URr12kVUsb8CDkzibvarVEYMD1ca9fouq0j8GNPcK1hsTlMVL9vu7rxvTvv5RR26JyX9TNrE1nCi3vM37lGr7hVXlkFWCOklgZcGi2zhAYS6U9wElopmQ4zU9VqEFokobkoRi5w9hKu1uzTDdq5PrIxTed1jh8NgFob5JNq6YdzbXlD6c9XEoqkAHy9Wa6tqyS3CVj0PQFlqaA5xzfOfBxVhtI2Gv6YVaPGh7RySL09VfB7CKSNleivDQTuWMMfOp705e7e4OXZsh54Igi22k7JCSZtZ5UJgBKqTgpoT1xGOfvALWJSeL6P5Ay8yWwSHSNm9kSlsMtmeFfJMPmUvAkyf85Lyf77VhXBwNfuvrjDh1zOcDMRAhipwWKHIn7CfQAmjnDJ15WLzMvx2A6KqDfhgqpJExlSYctcqpR2dnqlNDx6xwCBKk8n5VXWksc58Lt57fTO9a74t0eivitNxRIKNXdOMH9lo37ZOfeXvbvei4byL1ItVjxoX1qGQuPySSfAwSpmKWOcEvw4cO8kCWkRJRtBdL4GmKc0WLzfCz8JZvIO1IQpSFj6XX7Kar2e0E1wiffXZAZCmrF9oSWHRCW9DA1dvmHCzZKU8vo6WIq4SrKW227JnZKjdAHmEQQOQllXYKiCwYAp0g692zEmBrScjEjPwpvy9Cpr8vKMGkrLtrTVzug6C8s8QeIfY3380RkeleAb3Gk5bXMRjgHsR5dwhntbxnnc0sUD65v6LgpRMUzOO3SszO6qSPwgWLO5N3LZBX4hdArhiN0nKf2IFlHqicVjUZrsl7uAfKa1osOP0GHB6arTAFlnBIRfLiTWReGdIBuEWBi24XkRqDbV7VhbRgbjhAZDyOnOhTzzjNvkrVrN8ilgzKQ7uqRIw0fMFFlHPKQu2rT1xH20yuXuAPdvqLiiQXgtWCCHzHufPn0y9IPlsivt8YxO8oRf5BgneUqRuGqqrF2svuyXzp4dcm6YVECq9ZH6BxQt0lPi2uxmnOt4HvwscaIy7YzUbEjkaQW463ii9xJIA9Hcm1dbQsSJ8DQvn2kv8uuzNGVsiVEegKd7rwnelcXvUZ0S8zDmOUBmwF1tvf9mjxdZNKIPLHze0nY7SMNIz7JDJNlLUaYZCbZs8n8W4dJbD3SrblEsvHDPw9aqRT1nzT6zc06xDieH8cJhLRUFpgsrdCZriwO2ltG69HrIhNVUdlNAoxSHBSmcPY5gTpL6LSWX79J3amr5nM5dpu66rwirfKuscdu4ymHxGOl1zo49uGqwNiIl94qB9uixTTNDB1opIMiXGOj2XdkYjUVHMCNkF5Wr8Xb1aMQGnPoPge17CL4FI8gUo2iGe7k93I8WCh1DoNSoXyt8hSPvoV2DwDBoiQ0iN9l7wfR4I7CQS9DBtJ09E4mBfArFu9tsWZudYm8g2Mt7agug4ebCqBKaZKMDqDjlwDu9XG8QMvslfHq4aeVeY4alpqqoiKtZNWXxBzuTgCXo0zisp3c6HHK7A5aufLPJ2U0JhxLcAoIX32aod3f7tA96ObzabUFNnjO1HlVmMPbErEFO5WAIZREZF89bY7AuJlgH7QC2sYYjL0Z59a03Y3SYcexNUz3eBKIaD83m2BTzkEHsIskv7pRPoR4WtYkkZkQvw69HSrLMsiwGdnnAde5czdqfHjyj0Mwp0p9l8kQ1meFkHL51Zayu3JF7lNgtE9ikvv6e9qlLraKpWXvRBkBg0gqyknARe1ZGL7yxClkvUbJDtNfYzP50h4Njvf2dXwczzVjKReGntbCGP8tzMqQec6S6jGzviqF69qVToE9Tz9wbG1MUsFdTGVkiGisTA2cUQUKgwyrqSLC2Wtv5P0GdYqBChXiB8FyaqjJ6IcHlEUDefTjG6O8ksFLknt98lOWg5ZUPCMNlEHI2wfDw9JwO3NrMebpAcgJDVNUiv4hMen9jS3GbzakgHeudLRTDgUN8XsIhc9UziRUE8ygeMAyKg9UwHCXHqLAVJGz40JnnvMryrMooSdDGjTMkSawCdOKfMj1pDioELyzwFDM8lVtwMqvyi5rqNdke1BvRIomDEAVJSx4Atp0j,fc3e3d66165e598903783c78b6a008229ad6c2494a7ccd5e7edbeaa050bca8fe739da834b61d149b3a85a56772e78a96166e7fd46f08bfb1362288659d25e287,Length Extension Attack,file_0.txt,file_0.txt,fc3e3d66165e598903783c78b6a008229ad6c2494a7ccd5e7edbeaa050bca8fe739da834b61d149b3a85a56772e78a96166e7fd46f08bfb1362288659d25e287,eeff80e2ea7d8219e1cbe9a611a90425465b4a61a8fd537fca69b9f42278f7d6eb4a9aa5271ee1024b2206a0b25bd6264af9c8cb7d22a13a0feac4a4e7f1fecd
file_1.txt,2857,c5L0UeEppPXRYw5Q2bc3G9XMELNG7TCoRD4sT9zCnuNKQJNPD0lSCWrxIz7LLtDXW7pCyE9X3hkNSBH5o6u6BGvZQXOX4DZn6UyJlf75YY9SYYUJhMvMlrMSWCujq1wIPfrbGDY1d2J1FFvojnUIAPyScXbTChSFWWbYdwWSgDQWaU9HSgmzgIrCihwizIX6Mpgnqa1Q2K0t9kN25bwtcrDdBbsIg0mcrnlAHjpVx5ObMpWFIZ9SuGGjRNzxdpzT9wizXEqe7vOzDQk7hSUWA9SInEIquf3oKOTnsljcDth5NJDDryrewS1CF7bO9PsFOOyaI1fPK7T5SuR0A0e44c5aRNC54N5VTqEt3gesx2RequmqsXqkHf28cPpkoG3HOR233X9j8qd3E0ucL954vCvKgRJDclzhqMd3eTiMnQwNozQautZDKvIiWkShi7EU7pjQgYb1ge32mJJE46DhNgWbUT1KXOdCcqJtP1g8ueO1veIMP4X2qc7pzgv3KIPZdVeny1OVgrF2gMX8TnuzC09Nkos4hp6N4PRIrxFVJ1GcO8PJ8eyp5V8Dw4QlmQP27HZCDoikEEqr1OHZPuUGRR8TbQLLp3uREDUMtZfEKUzolknbdxVNIJPr95AsXTXFVHntLJANFnp7hnVBxvdcEiuZTX2zpA81NwzaIUfV5dzxsfGoawbPRR9zksP60g65ehFHyB8OdTioSWWuK4xq0YUfniUt9fJon0wEqOLkKSINuq90QYNB7eG0k7VowmLn4BGMDVPNFCtHE3t362Eg79JTKAZIW9wsavKLD7Fn8FcK4vAYyUj6iUuSV8eEd5J6nP49RTlm8CkOwMMHBts5W3bp3IWkUdc7xnatfDQyxxeGzJiRG4Resh6VLn1d6KcNFibOIbYsoHhnRdORqyQ7zmx7FOM4h63ZY9OE6hkGRbagEzkeVA5B5CEGjiZqxhjmI4XykcegQ25qv04uKD4SRmiGcpMpuwSLRL76izIwHGHdz2ZWVVq4ZkNHUlJG6NU0kOCelEr39TEQXg89rij7VAaIrjqdvjtiOILHQ6r4fLd0vXWgHS1bq58sne93pFXqidDBm03pw0T5JlI3rQndRt0868NkKFTxGXHDYvk4awNvUodA9WPJInau84Rq24DMZFmoneG0nzyKgNTwgsxF7BnBTqfw4pmXMcRAs1PlL3OkTqHPIil4hkddnrX2wGNrdzl63vFKD0pInZ7lM7N2zRAgokSP7Shs7EptvAX1Lt05UVBnBomoFiJEo3elxkYro2eRcBukXo8N2aQ1ffMyfMS9ZS8ZchsCjamyIh8vZNhEKu226gS2uGDVh2GzQT4XsP1eq75yQy6m5YHa1iy7YSn2zcrTJa2oDelMoZy7KJQDfAj1cNGILnk794kFMhxnlcDJJAQnYr4dFGSs59hpEfIkz4PurGwRE62NMxzE21Ad7wkuzajIeZOe1USH4ht6Sx0Q2FKAqxPi09CIpYEJxe2rRL0bJ3In7nl57aaZLgdXoWSfMFwzpPmpuRy8vv0vzZcnnkYz2YeeDZlPjP9zvYc1fWD85gKHuXAuilmf5Xq6LPdCkRwEKR50hqgbYBVNgZdMmmjuM77hmnkrXKb13v7rfpKhQkdedxZ56GgWqoHHCnYOUB2cjrvEbRyAIvnrAsHck3HVssLUa6XFUdfXM6JjVbuLoCNgw0qbeWKMwBTXFh9XP9CNp8Y7VHGQLllylGzgsqrYxBnLtOd5dBwaiz5HXJj5oqoyy169YM6Ab5A9fFrt6AwJ1fMRRJx7kW0fVjUqrxuyZggSEsvn4q6idDrGSMDw7Jsok8gge55m9hI1uYXSotMABwcgJ4V8g18XhjjsgR64fuP39sWWz3jtuqJ32uEvoxlLUGZhWYkeW6SA8iZvvp1Di8B1hFQK8xSippoyQkT7mPgrGfcvShMKIg5MRG0fESgf9N2nuWHsXRju6TXTvYMwDaTZ8COKoXSbcNBqtGpwH2czxZ8MMl1gJEHt9XQiutv74KGIhC9ckar35jfc3ZLqMBEqd9LINNe705quc4VST6QQvEHtiMoAuaptjuFaoBkFWzZIFEEKVZEntx7eOxFkJUM59H9JCMRwCL8k8LyZlquo3fuaUPVGDu0I1Ql7ejgOttVMusvFeDWbjKLYMtGiy3rUy5ru8cQg2ZoFnjazaI4ETs906s5Sc3W8aOUwvDOI7uauUfr4ez7GFNDok61ChwGfGuWnYQvGX1Xk9XGlFQ5FlMmxOSOuqiYOM1WJRXGErcFq5G38RGrFmVcmT5za7zEBeqsrUPSUf3kFzPwdsVv3wAVUphLPdPaFepWClpCiaRO44AKEjZtEngkWMXiOWTryaGGHFTKzRQ5lEJf5pEvUpKyCpQV0AB1fvLn2C5QiWFHwowOh8kc6GnxrPao7livivzlpIc46zZQo7klh7OpZjLEq9K0sW4iErtpyN6v8LHQ4SJ8qjVRm6vV3iXBWsJnD3n6tUezMvO58v2qoYziVgIvTGIVdOttoW3g9LIQmyNvyrU17MsBRDsYhdo60bdK62Lt7PCYXqJ06Vvc3jUr0rWRQ7qGW4HYijgF3UFJmSQrrUjtCwPAVOCEVhzlL5fpz2S417rRjwsajhJ3VlCkWe4DlS51xfYcM3mcSpdEO5quewius72vN86sMef3Os7kse3WXJm3NFMXi5EvAKOh64Wx1WOJKhiRWUBnY0KVpE7o7qlezQMwbjJiTZ51cN5IvtI9R5IhIIewJMfQgBwZtPMYTIY6oJpOb0JJJCjfMhZToE2U3TdELXYerFes6FJXTmoQbVsZgF8z76VJhklzhIfoAOBVheRS1Sdw20oolEe3aj2G2E,d7f729a71b8fe31932caf4c14b4d25038eca16d96a611ed6c7b82b5507bc4946eddc808845fb8d8fbc47ac5ea7332d17ae9c23e4a6f9acee4f43db7057b992ef,Length Extension Attack,file_1.txt,file_1.txt,d7f729a71b8fe31932caf4c14b4d25038eca16d96a611ed6c7b82b5507bc4946eddc808845fb8d8fbc47ac5ea7332d17ae9c23e4a6f9acee4f43db7057b992ef,604b501e987757990f22ccbb07b19a893e8cecf736772793b88df829ca22c10d5eb35775274802cf3d285a34d38ce0437baed01a24c6621c413e114f7dcce93e
file_2.txt,1429,8aymFGlUHZBDItRKVY25YWzHpP9gQtuxqLVLcxrusXDfD5YvpDiJLu4ZxojfjDjOPPxKc70Z2T7AdF7joRh4IlTGk2uoS5XTlp6ipOvG9qxbWkCLOSZKXNCxQKHHwl7geexT572lnezShL3eygwgiLyyPOTOAwGHlDL14lHoYikRvDOHe44oGT2uEkzQzURrWRvkmQxnqIvek1BLMH67nCWLSAxBUkj2cZGheixxwhDy8BnZCaXqyapq9M8HvlYxg0FQzFbEGyEaH0EOsF2nFZbQA1DbN0M5mw29eOdOT43wJHKVF6zYRRuNiBlYrbk1U5udmgxlZD1EDf7FQaF65wqf0nPOja8nRrVF20f80fDOgnHCu4zYI5mAaADV4nmnPD7cwRKn3EWZ3aldmHwOI6mxR36TvPbyHFK0OBAAHKJ1YMs4qAbcJEYX1pnC5J0HaLF5J0EQ0U8K6bBGtLzvH3mSG7lHR8rGh8skfT3S53uflPQ5onv3iMObNPLTwMWLRYRVYw7BFCoQSehgQpoRepPgnwUQLpjKggq6TN1Ourgo2Zuck0Ffr3dyiFUolgGJGaXgXMbV7dXsifqZQNCx6d4EshmsWiXoWFS2v40OeL17LAilFfT0GMOk3NSrUyxeuxIR2W4h4R7gk5Y5pfyJqJzZWklbblz0G9b4mZXFHNpmUaMLLxrBmDYEKGhnOyqOMcHR6UNbnNPy1nAwCOQ0AmjeLBz6O14dyCDfUDOSUx46uj23oPK3BNljSDSb5unwAnPCOedm3WPfdXZuy82zKHZTId8W7P8IknUpeTcoicHknCSlzVNrG4bcko0JYVRqZqf5pHfErsnP7DrW7RyhdQrgUADO22UYH3iTvLurvTZdC0nsAQNEYSpsA8fEM2Kc6aRjYmxrtzkIAa5ukuMlhLV55iDcvAAKGUzCtk0X11Lgzx4EKyhLawPoNqDMSC903cTZmu6C2CmoB8NT9mBnRngcF74PcCxDBR2w8QnUiMKJgqiBIEROAfg3E8uXxZ1F0iPeNYaeKC0Q8f4ntFyeBgubeQZrTvfCsXKNpDkxboiDOEzqVX1yuqnDQPKvCuOcyXATNeI7eAPM5m8PGl9PVY3xJXOUq3IbdniTs0OKVtvtlyRJkll6jnXswDHApTuNdTlEZQhxhCcnQnMtXFLbpJa0WMaC29sOmYxPrWs2HaqZaFHuNawUqjObvqu7fSN3EhoundsvJuLB3iIW4Rf5tfM9FiLc7puZONcMXW90COGQokE3MQXM4Yc9e8tmuCiiH5fR1zlEUM5mlH0D3V8W37ElZl7Z85fKx1QIcSqDsor85n5OqQSNrcw1r18cN9VKQuhnMO2AfXwFt4FcCTQJFN0TCx62A2spCgWlm9GCDiiqp5b04dP7iKXmhBMVuGVvOclFazMx7wR8vAuQaUPE5,4c5e0ddf32fb067a89ca0f76e1fcd58334027873a57d02a4f3f98b2b51990e124bf1d920064f66b36626ba4c2fda073a2d7b8944d1233b1256a88658a12c438d,Length Extension Attack,file_2.txt,file_2.txt,4c5e0ddf32fb067a89ca0f76e1fcd58334027873a57d02a4f3f98b2b51990e124bf1d920064f66b36626ba4c2fda073a2d7b8944d1233b1256a88658a12c438d,9906a333c40622f5466e310b0d69ed3b70c317bea903a435f7fb04a01dd0b183d746534c6e6370256ade4d3224b84155da42bdd98a774f31002a1d17a737543d
file_3.txt,1026,w0tbDTV8gwgAPnXNl4jKFg182Erzq3YmHdaoD18O1C92Ijvd4nga7qYpzLQg9J1gnabYOhxBASeFR8uw6PdhluCKVg56lhYNQhOjJAapeVS4SBUyAAccjGheWUGK9b0UhfW96ma9lBSGc1JyRmYre9aiUphxvq98c3tjMNZExgwewC6qYUuMtQSFScv9ysQkCzUYsINCQYFokI2yViXtNWgIDAd2LuQM3ByJ5GMkROUWrnFOlH3cKn6zoxb5GQNTEZEX0hR1rHFmXjt6AApzJuCVjwr5XyP6BCpW8F3shaOZn4d8xWqYdmaxeGLYrLXnFGwditCKgVz3muGSIpEgZWW87fmKqyvXheTHaMByTO9IoR3XqeoETVzsBhUeDOQARmVm1Y5jaXk8dztRxrdleDMxAUfscD5xLmdNHbphG3OxRgLp29FWjGvG3HjxK8EzZwbcZ3uSMiLKOGD93U5aBC7cNYyU8h6al1nTHwZhCxHgTkD3TeFu5Ctw0yXalUByGDEAAMg2B5xklqZWHNPtHc5Uycuqt42YEvZ0W8dRZJm0PgKcLpnasU1HWna1mxVoElTbRZ6HiT4VNSgieLZeCvBeggwLcnuZbJ5naRug8JyMBk99EPJb0Use3sZd7n5uvhTQJeyUUyGYjoOEk0lVx7bDjgBJ5LHYK4naPjk1C1Ax09ePeKQiaGV34uBFFaVGj4f41YzVSbCrOv0VKWOJ1hNCVNTYZA9X0pKRtwcoMwRSX5RYpHFjOQejQGq2sZobSO9VQhvPbQy3Cd59MfiWUVnHjvlbvO09hrswMkQ7qsmd4Zn63jVHfuvi7QanRk93tTv0ul9fPtTqnGj1DyG24AeKsR5NRabwjV1ICW3FcpmvBoaTxH8tsMHi8VtbpFB2CB4oJRPEvtjF5YRZmqq4MjCYvOWRwUEXJOZmW47ji9ruOKqoSK35QK6wsIV5nYqNYY3dQmddPdealVH9is0wbwn5ZHTBgCrYk9emlmdjegU4G89Ykhq2u85ym3OZQymqzi,7c48e730446d508f98dadde1cf841f18e0787abd50105b3cc2fa77998dc5ecd225f8141702da8352615834435963fde1128960ea9ec728ac356ad15417938454,Length Extension Attack,file_3.txt,file_3.txt,7c48e730446d508f98dadde1cf841f18e0787abd50105b3cc2fa77998dc5ecd225f8141702da8352615834435963fde1128960ea9ec728ac356ad15417938454,9ffeda5e8f3ee45d44e37ec0a97b46cdddc4387ce6def9fe1ce17478e7d3175891850dca46b5e1e3aabdb3d580be052cde8a74582cf1b55d66b49d51600a8de4
file_4.txt,3311,3ZvxjK3wpB6c24JyygKjNr4FCcsWPpj3rLX1TAKGYhmgUSkK23OESkDgZsFnet9u5caAVYdAtuSp51kcqo0oLls83xT36zYVmrmhn6Ej5ApWd1vzaZs0XhNToAniUoW53c07Ni36vsfPv54LSkHTZXWqCbYSDpw7AUkY5AGVUky8fwKgUWcZ2LZqj9wtMAuawAzbRF0bK4x7lKig8OUU4ttmDGq8LLglBJ1Lq4whGaIVjahZoiig4JnkkB1ZmlW5CrA4xI2Y9rFDGO6uAjhVqRD88Uylp6K1glsprVAL9NfrKYBSnyfvMGw3Gk5KodOrMSz6Wwau3qEuloPPLZHiniGXztPI8Upm9vg7hhY7yai9YvRjrhNOxca5cluEvxYwoyaM1eC5Df6MOUOsXs91DbKxdColTAenfh20Ymo2SLuxNgM0WMHXPy0Bk0GhJe82ntmL8b7MfmXTc14ZLAlSI9zBR9zqqwfvmUfBmOUKkzolsWJS83rax7MJZlcbzS3cv1KCLOpxsCcTBPc0vaDLF39qB7n1N7VIYce2Sks5QC9vsnawXz7xSV5TQLEF3jrTT8cOTo9MdGadT9RTvapJMm8l6gjTYuUS4wOF3tnG8unm9hE3ZWWhfDiQWUH9aVVae2TRx72G4RNcGSM7AHE4CT4S9ZcLnM9J9w267G0jb4fHm2wwZLegx8eKogueYpXrOc50Wi99Vd7D0CNaSF4Bz6LN2O7gngFtHFIi88K1qMQxbS06PQ6fb6s7hiy33fAeJGJ0s4h8dM2y3IIbrdfFfpn1gK6RiLBecTRbxyPLCbhnRQmsRePwJA9Ky06qnNonxeLBlG1egFzOgINM9Ks3ia8JIjw11qEdRxLVTQsrKAdBliduGC5R7naYaTuKP0hjTGS7LCXcJlt0WRgORtSwEtZR9nmEnDVmiebLJ0j3hx2vGRU5hegc8R4pv1Wmnpgt4JKXvJs6lfRV0n9qX1nUPD6zVTgZ2jlDbJBjifhDuegUdMovwMfNyRbQ6krP9KF7Ys85UZHGXRIaW0v9lNJO97THysVMRaBw4pob5nkZ2h7bhzo6TL6A0YJClKiNKEnzQ0cmDKk94pn2FeDRKttZBPeNeluLs9fMk0AXdyqeVxAYFtfOSW85Pl2gZtfaFbQsevC5wYyQWvabpMmZ7QryPKfi9tabriz0pBuHFrn0BBIVBB0a8efCApgmWxc4NOSZerJ4qCeqh5DyhIE1luOWCkP5Cb9uZJyIZRBLigmhXngJXRLnoeLHbrwspduH3gd2etLTffazagKzcyxELC7aIqrcECFxbeKsRxxmdz5laAxqQVCfyzn7Po9ogyoFkB7UCeW0VYymLceL8xLnBXs8URqPB0OSzMknrzciiiI4bLUz5T0YaAqGG1xtJ2Yz7siUqBZ3zErHDWNvAgFxyxA4SqlpAphCielAzz0GLbmDOSnTtC1hhQO74ZHmO7ojcruwhQQP8m0TY9pd6IbZCDdP64xS6hrjIbPA8WBBp0bgN4VcEOxiTv1tDjBSUyYG4y1UpzvjyKj1NNH1kSLcJla1eFVvMb0H2pguaoZtU2UxUO9OPRUQztGf4btcN2FlMMwIKhj8cyIBIE0NOeum51rocEDaCfBlKq6qK8qJXcSC897Y429Id6KvwuCiE3N3R4LfH86eVFaUI6C6HZsqG4g2YqBGS0fMD5EHrb38PHj3QeuYsVkWfCGOdbb9D4xjIPlXvP62QvbkNmOWki5zh547UfDglelJud8PZP8KB1qvgFpBiB4yrxRIr7s4CLUmFOBLLjfmrDVLULqivWUtz9XIc48oS4xCOrPNa7RFupmU9oqgHJGpNNrPcQk98AzwwEFYxJfghVvPIdgHE4k4fFjq1r2OPgtIGei1DmAAR8kvL56GftzCfePPt8obNBr47NrthKA7SU1z2BqThKIdEJAuIooNl1PD4Adz9NxnXhWdeaGPgEpLEdGUjr4euLDCrmwHMgi0TvW2e839zOMj0C1quEyCO8sm38lDeKfZVARRJcu6wYXPLamYYMQxbaWStCjcPkC8ONccNvCtvLN7rVvtG4nF8JrsbyyYxiKfCdiMpGNftFFRvbO5wkrvjOaPxWE5EBIVodAc8D4jKUjbVzQcMF6CT8Suu39jRmr2ok2eR2OnRFEZ58iIGaXnqQkQ6PHzyetZ3pFFXZI5YCORBYrAHF7QQTYrgjwUPxUH9Im54MukohhAJOzalRDLHjEgiVviDGq25vLs50zwa8MPON207SbieTABL44SX30ziEuZCohiSID6iHUrCT7McFMT6GfVwzwFi6ajNR5QW9EIyZkTblPqrXCappErRfMRcplJAPy4Ey4SGm9tBSbcOLT9RDpFKPZGwrGcM1Lve5jR9tEnlarpQ6NcIgBQlgjHzPeUDf6dUdQGAYLDRtYx5CXSz4uUIsnUzGxi9JIlqfx4SSMgVCwAzC4Wdb6jINXNcraI75l7dmcnao3WqeBhOfhFsqnRRM2smZOftLmTNoh3q7fLURA0EMQP6ZT3hkO6BOh2fBuvzALN29sr6G3YSSS54Nd5VxloBUiyyBTQc7SILO3v5PuXEF9KFTIdGupUNLIC86aC7hXv4aAJZC9DQP2YZesJQxKLt2mBZwpjy3UOku5WfyHDb7nHkOhRJQZilTmo4SCXYSJhftuA1Vmsxun2A0XRxkFshtn3xWRapGaNvAfopSG7FPMeEeJRayGVIkcR27xSTKcfj6MJeyD4H95EnTJdFggLNwZcQuw9SHODTyneJgjb9xtl4oqYxKgUBBJCIkdNazeYUI9dR76JRgoQ3dSOshMZkpTifE8kdphvWEhnb33ZVDAFIvCF9F5a0GVmSQ5iZjIzy17YQ9SiSP16p5bDqzx8dhuo9HvyGIUctaH9w0dvIGt7yDOr6YxywZfFOcjQpUuZAAWHGsXeenU9Y54mMcjr6POxpQXUogqmyInRtSmR0trocyiOKE6IUIqfcSgxIVpHYJEuQEr6ccCYn92mrwsOp48BcecCDQcwGdQZRIDftLYPx2wATbfPMl20HoR0vEl1QHaCwujBUoaFbuI8W9QKUuSCAXUxy3RFZ2pjdD9gI7IPXAEpHLf7FteEWBztclWGID9ZUWhCXS21ef4slCXPBpj2Lp0ZzGZll7G4ftJJup1000vFKCzqy7Y7VboGdlinaTOMtA2wPPDtTOzyOgvRK6K2eGtFQI4GYlI5obZBLEBwHTAYqIcRLf1Sp1E5yjUS02GPwd8GCCEtkNSoM0aOzS1XxDflNfFD9XjSqDp6e70ahxRDpERGJHbZPruFzrP,fd530fe01030229c3bafd54804ab738e05d9d92aa6fc3a90af950969b435818437fd49d463e34b4adf4003dee1869ce7c6f225c81e4e6d211dea51e8b702bbb4,Length Extension Attack,file_4.txt,file_4.txt,fd530fe01030229c3bafd54804ab738e05d9d92aa6fc3a90af950969b435818437fd49d463e34b4adf4003dee1869ce7c6f225c81e4e6d211dea51e8b702bbb4,9717f4c1b16cb5dea353ab564eb396ae43e1b69c918527e437cc75703f6c42185a0c158b88c1ded35c29377f71085e1294eedf7bf99ab4a7126345c7bcda7ca7
file_5.txt,2833,PXMW6Dg8xF1YvW6oqEAbXYmJAXxK4vDSyWM3pctp2zIoEJ1Opjxdu7kTVBy0BD62PqgM59d3EIySUzDo5tMGDHCR3MzAVbTlrssBHVWI2PMCkP5aOPdkjtlVdjywzvcRwbCycM6TBm6YnMuoLona1H0rtjF1cE7tuVbzLKMT0S2EooR1r8giJMuoPxpEeVECXg9q8yOI13pClNbQGXRYW03GeHEAsicdjF4Xn3jkO0vguUrsQW8AJkGwTMUFUBiJZV0S3L7lYQ5ipIL5tUq50AbeoGjPkcfCSs1cSPgIy2W2aAI9QjChFEzhDRLRRRtFMQDpe45eqHK6oHYuTUB0rMgD58JC3nMkp6PF7Q0g7AkGXWAhmAKr1bkFGgA1TZfKGBkmkuPmHefZHpcs3JorTt9xJ4ChYD7fwfKF8EXfIYBn7YdCXTmT0c9rpGzh3p8R3LYyoH4jMgkhMBHJ1nr4YGwpywqPmf6Y4LLQpBVP3gfu4c97xYcIiAhe23f46yBpOru1vh16f2WJcrlHjN2BxaqzX36efKqGEBExkdPlt9lloTcmP7nYPl2phzP6eyDuqcpzMO6REBoQ4Zb3iB7NuDRygYlG93iOIR787eEOidZZWkX9fXGRtR7QtVWoiOn1tns6rLh8s0r4Bx0lw1fUH4XMAhWQu7xtsnRetv5UrNzrR3EdK30oeJeqSB7ZXZn27xji9h9gDR4qbqh5ILmDw8cemic8xZU05t1PsZE12keHrkpdXylQdxnQmlttOzWj0FP4nlaeiJyIhJtZx985QHS2kZ1kSuuugnydh3bQB8OhtUVwGasirLF1zurp2Wxglw4PnsakZJtC9755kKu0asEsLR7W6mgdGj1w6pieZTfdmudGb00sXIyhO0L1EwvXbPf4zwJWFiASVdGzbqsSkV5MFm9u9yCL0wqTBlbTJK6kdaZevwBOb7iyM5L89nP7723T72pB6Ys861vhSatIqY25vsxy3lBQ2Wg44aR5PHL5Z1LkIcchETMiN3aqNSn0O6U82yT1wlhDmUEGujFT40FLPPiUoKZIXdLmg2nNQaLqX70ZkIv8QmKuyTmFY52jDp7ldb89985J9NUSqQNktpgTFMZ2GmT2ZwFTz1r5vNv77Hfs2p5INpjQjqieqBHdjn62KTHKVooEJuqD8VrSudefGoXGMtnS9hzG2PHuQILkrfy4YviDgmQU5ldTMtNWVC74AeBKMWAgAeWTADbDwpwAp3VvTG9VdXISqxmNd0Z83FBxaZcRIXXoDooEwxr2A8CWtASccnccNhDdgXyTHn8QiO8DEXl4m9wCDAvGDdZbXvqPCort0QgUwgZpJSmzyWP0io3E0h3MPcTOZGqElFDqhTYNKZ6cH66inMU3W2o32DRMpGCSFu91cD2K6jQqb1B4Q8dPqKxhflCVtYRC6AwPZSPkyXHIbQqUD1oyF97rxQY6Ui0ohGmLmbETeVOBkVNOsCb4J54ObTlJQQKEV9z3Gn088bGUzZqEi2LCm2DHCuN3D0PvaD9DvWftFGXZ1uicBs7FnfsFQQWWYW1BuN2a1IPE0gb2L3N24kxTDwKfaTElaQghqVRYrcWNgfIK8Fj7rFSAhBdAbkxuqOZCUgdxiPPJFXXL7EDTWW6WeNvjheh6PxKeCUzpTB9zYMtINHx9U3GhPFBeE75mIdTFwK0NXOVMYLqT1sPpbtbSVy4hCC46h4cBr3OXBVjKirj2ZBJZbwIacnx6shkEsJuuMfDnCbO71SNtSMldEAxz16PSG0LdNekluY5PjGPKnSZmSF5NaX3bWm3f4d6u3NERD4NpTOWNXUQolmzoYfX3127V0yZ2HBxJIsXyVcIReg3IMf0c6wh3RB7AIqneKXij0vX5UYf5SEQbFsJSsMPHgQ2lSnCqVzp0ZXjptnEdYDIHjsvbRwaFyujsfcHgXAF2lBuPuWjGYL5ADopW68Rl1JTRmeosng5Ie70165y4V93Jgh53haC1Mcbc18Ez8CEjiv0DZNBttTZreupmFTLkP5e9yFrpwNN8dyekasmahwCwmFChbRNsIeQYbHbgEU0y88qG1NixaunrzNXZIWVpVg9gcewx0WoJ1YUZIRKQdPrbAx1jmFM50dcsYc1uQQsnSjSI7Q5i7qNRv6L5Z7rZ0zUymogdFzYw0WyUjH9ulPO8QzkeR6M5TSQrKa695a53dFruQQiysycsJZkT0iXP6VhuX2lbXVOO1d0pMcGdTru3oS1kUEG8sxRmLGCA5TvpjJu2UNDNU0oWfJG8zzhxh7A3KmB3JrM4tcbYfCj5Ud6rz4tQSdXllqrKG9GnL5Z3QETgWxYDn91yf63Rdo07jh1TyBVWq2y2MnUVtQYGdc6JGyxSVL0LyzQ5dg7wwHWe059DFNL7J5FqZxqc1FxrLhBoZkZDET2s7S4xlLZ6iiYGv9RnreqkwtqVzCF7VjhKbOA5VYcwBDKbxdPk4frbDHA0z3Greoxs4XefeyEFTGH0MeYy17BtVIpZtrnDh7DbOS2IKM1xk02oEFMttOD2WdeGYFgJ0SBH2a3Rj4mwHXZrDG8t3VQEvuPEODYeeMmrUW1X3vPNisbDFGWuojgCEWeKkyZhAPshjQ9blCOzS1V9ExxwYZCe3fa4RurTfjTIhRW0zm8kXcreVpOMCh4Dp1xwNCX9MSrsifM00nYZFraYD53KzvfW51Wko3M9XN0fo9SSApGwk4zO1J2Pm4WYo6sW4pTjYhicVlGW6K59XwzvXpiDr8IUQcCpG8nbk0XRbsrBAa705oZb30XK5Q3jOL6vSgDqv63YdLvbBcLldZP6yTzE220DHGMOsbYfl,c43875dc8738a12580e893805ac370a2ce16f1196ee87f3fe6c0b15eba993717a52e3d71906b305b32069271f0da125258c588695a93ac00fb4854aa7042a1b1,Length Extension Attack,file_5.txt,file_5.txt,c43875dc8738a12580e893805ac370a2ce16f1196ee87f3fe6c0b15eba993717a52e3d71906b305b32069271f0da125258c588695a93ac00fb4854aa7042a1b1,27d301e9d9738b86cf7001d2b116cf38a6d5fc9f8bb9bece8ead42237871869fe2d29c8ead6aa047a3ff1888e85e7825969acad5f15ab243b990574767401a7f
file_6.txt,4420,6JXlXYXGXD25QOoKcX8oTtZED3RfoCUk8jMi83hZ9HN3T1DBa4cBdXlo27ly6pFumbGdpr4yZ8XUdxiWcSQUbag5lrS5cTopZz4QB0cNmfFmL5Jhmm895ka83cmDoKTw6rN1eVaTHfvxroPMcZk565desfmGsrJiPVo3GLt0TcxkdrT9Xr50T7mj1NI15j8H2TwDTFX9Nhf5rkYmfxXOw5mlhLX9eE893JKBiky11Lkl6SmNkGmHlzInNNCvLG1JCwZoJVWYy6KHMLPWMspl2zNoBfjYicjshuyYxVmTmOpriOqDKUk0h4ehaLwoPJyj9KuD1ErnlPGmlm9kaZmSepxvqBXhemq42t4IWYkpOCd1gQnv0t5h5RJD3W4A049ZmYPTkt2M5WGr4K8CLrY0GSkSdrLnCCB3hy6CxIDfLK1a8U8GjmObIPxDaAXVu5ZWk9wWI7s4jGf8BTC0BikWX4OW75crVjOfAMxwWpO4xxpOvHqUnqyUp4tRNzDZvqRBNHeC2irGwTA3iRzpGhdGtGUiqRRGxKKH8LQVXVzF4XVADyRfqlzOkg8DAdc6pR63tBUBxC17RNPkazuxA9pKBKehbddcI83C9lxdoL5LcYvHBqtjqVmQYM57ThZINIwziIf2VY8GxY44oyZVuUq3sblL8wUb9M2sYbPOsDZO2Y3r4YqSlCbeXGnSn2fq7MYvUGMukX8EBGFDNuedcWFkUKwRDabI7DCeofZAjD8Tqt7tznJmHwK6gCSTndbvQeWhuUVjl70UJe1K9Yu8bq6sFiGO8qdoRcDkiRZQkEgU0gwKkCaPzDiuLOCRp21Esl7CtsCcKuvJ9cPcgANpNHoWEQsr0qEAIAEN9noqdV9wBzWuTBUgtkROMIzeBmMrxDAbwsk4auSGUH0rihq5K6c8OcPXfETTOKLkgQ7B3vNdiZLi6pxjUdfiLrWjlrTJuNroap5RSZ6ihXw2pj4TPHbiqMObKi8IJTMh5gE1vY9Vbgslkb55cvFTSnBNFnJG00HeUoEojP3XYechiyt1WM6FSgZw9r3q8AWDv0QLQp7svMDzlQD3qXXWcG0XPuLRhnoxiLM4434c3jUeNx8070sHcvgXsYnOFfpyAhiHNICWkoN7rfhXIh30UsP92guBfma4UR9ckGdXHhyrfSFHC6HUNxFfKCvdXKqiQACidQfmfQNsQ6FRKLPe1hBIYcGlkrXF9EmTMbxRntrg3Rnm9q73fKzSqa7vgAmc7jf2aezZVppYzMP1wOBYxLbmoP0xTvj3wFt6I5LGOWacg2X07nBFu6PKBFMmYtSp3qD9lPUbbjqn0LRx4iEiH9O34Oa8sT2aygg7A2AwN1ZGFoPT158Es9VohcJZyHTHOAlgNFKhwNlmQXrWzTtcGYiP8YywTb8HaGb6pZrkmQfOJ2fBHhB71QzedenNedR1do6evMrxarjhRxB1HeQ2CuvryxvNi5q3IonILU5GobeTLCG1rWr6KpjLkXDbFa2eW9yByOWOq77KU7bT7cpnRzo96hB0KrtbjkzWiYG4JjH3CpImASFN48CiyqwFfYTHy1NMYGj4LExNzuigpExj6YyvnuNe2CcwxxAwcvmMCzSccqWXM0p6gVfZUZ8Deh6zSPJ77rf2ZFLIGT6ab15f7bDRzAxSEV3K7Zzfym9LFnmRdR0iRj1vZ40laEXUCTUhncS0ju6jNT1iXK0l7n8QlDQJmawZhbFhHXzjd349u2omh5BBLTcsP4daK1BIaeX0VvwQEluSUKN0O2kIGSczRhqkCErBRMIpD6sUbjBVER09zY3YO8TftT9l6fTEMABKO3Cw4buywdW2Vz4F40K3VSfNakOdtJ7yXzKGMEgY2YBPuATG6R5Q3oawMo92nouEMeV46Wb0KGFBL19f9zuEyLkJsWQjYJ0nsFRvv62fkSve8YumORz4yy1kcLqDEEyzNaZsSDVcGFVrzKwaqykoDyp1AFwfc94Tyr6kHYnVrD9laodeg2MLklTVDpcyJr8qcQDd8LAsfHLr4viSRpjig0AHOqcNoTGrsUrU5DtkXV1HgErren0ngG9D3XMZDxtbNbtMnb4KafEnVmonDx5S3LUrD8XpixTDOd4xQIT8hzvK0g76EVIlkxVjaQ0vYU1DD8YfwfXatKkOA36Nk48DUIN0TrOmKYAnvElu4yf1sgK1GiOVwIs6efMN7tAMHVwfzQtOXfIrtyHRngyxEtauzeKLOcuTfpCQDr95hFWm6Xls7gd0YPJWG1dR4j3ueyzw7UfFnuUuDc8EjVx7oUqI14eRKCRjoae1QlGUy991re0PLpEnRzieAYWgHJ7tBFxS2TwMOM6ugvBevUDbHC6iNK3Gz41Gri4gNkiCrRTMyw4cRA44gAVxaiTU6enkmR6OgohU8EXJB5xi93JVrm4wQnzp25h9KOtYB9MnSEqOjWEblDe1X0ts1FB4C6FOnvJQUO47ts2AEY4GVdsDPR4OclpYMk4rbhmSAPro57v6WIwjUL6RG62A8sMV97VylPdYx3zM6L2y0dK7JOmX7tfR7ulRG9dmoEjaHqTyyMusv6ldxsrdVBDWCtiGGgH7gSJI4F4HjksRouZ9URvB6t27YfjTT2Gh1BaE9h6B8uJl2DQ93TpWSSAubJHWWAuyPRocCWPlpZSkg13PusuM39oRZrEJ5ZJI7ZCIb0nmcTTyLgrkvLzy4X5uHbYbPiuYU5r7qR8NuVGU4YAMcmoK3YceqECklLZ7GCVIYNW9chT17ILN5rKRU8XutE3U61Rp5bdmE6gm5XTRoJlN9RT3JEp4aMNO2PffJLqaoV4fW7tj1DFEVAA0E4ErBdksq18bb8qsCj6BMFAc3o9oSWIDG8AVWQqbnOfE8ULKMVjdgHqKH2b7yo2DoEJpyn23qlTdGGjLtglZ7meQbZWS18hz3MBPrx8mDSeWVdY1muv5HjgHL7JMggh2hNMyR456FYF1sOu4KPsgDiL3TnMNVW19z0b8lfIZmmAety773kLks85xC4rTpWKo2ParN7tQfciDkE70gGwrx9BoOVBkzCZjZEVI3jvD6nouoiTd4W9zBDc8KHKItCqJXVAi0rlarB7rXQT5yiwzivCUtVCjxztOX2EzgpBeCmlE8LuEyxS5x4TABG9mcmiBlMzT6BkmENY03milNKatGF1QzcWYBWTTD0EBqtVMNWvPZYsZtstptoBgZiymUROEAIjdVf3O5XDK7QJnbEPLgePrwHqopcYstGB4k0z8SIj9VtPhsGjmmiYqPEqTBAvjTP7Q3yux5l0BhTQhimredS6ZaI1nFeX4QDp7V5hshGgBTYGv9IK873E2It3g1Ga77HdUWawomPgQP5Lq0fo6fXZbqPBTn1ABkEw77XwjhxxdEHRGVo0lG09xWOVQjwzDUxHn5RFbCb9LIryTK57puBtf4iAOMgQ53WASUlqOMFmISCCLi9KOIaI6U8uP3Jf8rYpobfSyx6elGc0BohLcvoRDNV1EMqPtg9HKTuIF8hhTQuwxuOiR4GkULw488rf2QqS9DKEYStBYlzJoQ8lRrtRxn9lxjYDb6e259i3sk6nflWVPuhalLBgmg46BOXpIG4ADBIWpktBMcKYtYuZf2YPzgpaObHoAQipXi1mJfFgaQj8UlJ5ecpMW1e6XOWbcycRQyEj9KcTXk8vFNPCkoyaG6WbJUlXI49x8rGIBgFOsYWgZd9tX3jhatRFPz15UMZdDoLmbrO9UlxR0NnbkMvmK99cTpBigUpqYblk8HZhnAXW3NeZMnGCAY4Uo0VGHyoRMLqXJC5QhniWH4uS956KDRXJU4ql97nUABdt4veXkpzbtvxIC4vOg3VOQSHzNhJ4bLZeCTntaTPkZ9X001DJkzBdNU8txRYQcd20qbq8ppYVYYSjOQpnEyecufDVQU8OiGy9cLUxBBH6u7jYEXDr5UqIbPSQGkYumd7GknpW8GkwIkeglDEYiebx4Qr4zpZdwjnYP1TLePyAFomhf4rN1n2oIfGh62EE542JlQXVAcqrle2zflKe8PCcGi7CB0QZauRkRDF6ELkaGpUc70fSrgM73pZylPLZxFmHRDGEBTM1isMVwMe4mfnUXOa3blfJDvmYeo6vka7LtZzybka92MPo3SM57gqYk4RKU5pOLC9JJZVqZlWr1ytAtQbm5TQRSULyva0VD0NfmqIIbGHlJzQbFWHjwvmBX8zEXTCPtVaGADGY3qe96dYRrnm14c2ugNUm2Sr5oRXKhGw8MrDvsi92QGgOTQK1wv4gWluHl6y8I1FCjpORi1R2X3EbOxsrZWheNtiGzU6H0AuUaX1eRO6GzCvGL8fYWepgnljOl9XIGHcAzwYoxaVk8vCZ0JBZFxIYKqO7i0MyFReLfPf7ElULSH8aN3yA34S0KwrcC4Y9SEVFl,c051ff3f0a463a8af577331c9af66a76878d0cb9bb1a353a0e9d5e2ac7fcf7aec9bec18d8558f9d3704218413d3d0e03fab674bcfcf58776daf95ac032c523e7,Length Extension Attack,file_6.txt,file_6.txt,c051ff3f0a463a8af577331c9af66a76878d0cb9bb1a353a0e9d5e2ac7fcf7aec9bec18d8558f9d3704218413d3d0e03fab674bcfcf58776daf95ac032c523e7,f97f6b6ae3eaf9cb588c44d8121cb86e02a341b862c638fc8c4dbfbb6b9ab4b743c6fc556333079ce102a989a4e4b94c8858b91427be2624510c39e1477bdb6a
file_7.txt,1730,qGEFFsFCuJHlEpPHWr0Z66XImYZVNbemzX8JjZHqy2l6pUEkNjC5gtxrWGxg9oDmEeeSE9FASqdX8PxdaOotRdNHNqGdEGkPm3hKYxmUDnQYLMCzlM9B58AGfv696ZKU2dulv0vVGtq3x973PvtMI1xu4AD3ek5dOVZ8jOqpqJ5ToRh9xW3BtEoati76M9zZ5sdMJFN446LUoDlwAWpOpy3Fflf7vR87pGupL1GQnof3GPQJVAwGDEYmJYmgv6QJ2Qx4G76eXGC4R9gGR6NoeFfPUZjXZcqoKAQoEWv4T1f30lr6iRhUuVrFsWZFDX5YTiUWjsIY78qZwYTQTSDOnJAlwaqh0fy895IL9c8HQNyLx9l2MbA4wDETJrlITELzZI9WQ0Zabgxpg4NCRPaWO4NkgT3TBNKdmG1gygHZ5gfkXsxaHNxUWtxHMMPGMB35hZsiD7tC1x7cDRoFo493gbBltJExuGT7hOcg1jPcz7QsoWaQsrVbuFNUCaWdVUqW5Qv0YuD0xO243xnBtOzBCTeWzChE9g4759v7k7wsRWcifIVPxTpnP0ly5Ph8WPLHjLQZuQs1L2zHTMiW8WOsDoeh6JjGZwkXY7sy8gl7n37xFH3CZ26wVdgFy4ughYoNBAIMvBKGkUiWTuJS2r5DlH6fzIeJ52Fkrqu0QbKmtkD8uPpZY8UPBhu0KJLAcH2vPuyIHFSAMy8znk00MxgsPW2VXcpc4TYgo5dkviSRXZL3mxXPtNyAEKT12mftaNdsqTh3jqRgBdpROXPt60GVHv6jm1YjkEo6RpgfEX2BMnUnotmHnob8XxtjIpUEoV9PBUdI9981C5vnnrJ303UHP2nyPHvCXAJZbmAReJ9CC8T5MlQBNITZ2kcqL8izU3zo0V2I4unjvMMoMZE7PoPYORHxa3yqhilZknsbflOr4jGsKuvg8gMvykPJZVLnjgVl8M5GGx38rGwYw5QPjvwIkvE0KVh5a3QaQPxRtWQ0mVGkOsztGQJI9eLLTbHbn862Q45kbFSei7Nx7LqNwUKIdMffP3uA7C3VWXHfKMsGyjyKhjGXDODUpA90sgql4bGrItFrUrrln9hPyPOSo1DHFhCRevfJA63kYjktq6jYJBgoQ8QUeNyDstXUTLZyf26323uvnX0PNrfEVecVsi8uq2o1n8YfrrV1aSfyy0vr82RgfZqZfqUeUJWO7E7JY22gALzFDYcMhMCIclAinDHOAZ2eEuzsejkk65YlyOUwJqWFoicXcK3qOhovyhnv0thQtppPgrwvgMSntNOGMxTISOOCVvOv8d789olTtLMQaarT9Zh0q5sAPEfKqt0mmli9yoDLx7ZH1JgzmUNhFPvHkdLY3DxDMF8W54utwa3wSNlLmz9u15yv1gTNTyFX589KazX3U9BPNg96ff601Hwae1Fx4FmYhnB7g8R4bRILSdogOt14mGyXO4ALu0rkcVDoOOXspIbvg0mo7nLWVIz82sLx2B1vujTO36QrpA1eYkpXsqbMaHxMtfAC2I02YbAfJ1wWRCogyr8OFdzvlhu2tH5Tdlqtknm11cGJCsxJEa1583TQBa6KxXq1NBR0ObX25PquhX4t1C272rVFB3of9XnuH7rw3IooELbZvtwmT4fDkx0ZgLm105BtWAgOtcvInvV9bZUE7V48eSp8921OYuE37aknGXdBc0Vi13caWxXOGRmuDnjHjS3artM1wHE6Zg,850631e1c1c58c48248d8c76713470233f52cc47dc4e997180d98bcbf770a1b7d79d82b72fb544f9aafe6b25246f37764130884483450d334c9d6a53561c08a3,Length Extension Attack,file_7.txt,file_7.txt,850631e1c1c58c48248d8c76713470233f52cc47dc4e997180d98bcbf770a1b7d79d82b72fb544f9aafe6b25246f37764130884483450d334c9d6a53561c08a3,27ddccdd8801172e714466f6353d45753fb88a75e3347cac73c9c9d6a43fe2c04ee67e05c17b6ddb8aa8550550a9e972d484af213398aa3e9c460cee3dab45c6
file_8.txt,4358,2p7AqP88uAJSxEkm9YHRKcb5O2TytepnnaXAEqEvCZr09Jdi9P59ms9NuYIgk3D9o52RzXwY3v7UxtjFPuM7MQbzoy02xo4bKF0WoPoxwAts33cfbdxXqcnPfGRmDiGPW37vzXLCz4uQpBVa7auoZwpgA5aSLWqwRhdkd2cSrRF9ZaOsgpTcnNuNWJhaNTpvR3N8B2oaXgQ2oFibC38sY6MU4gB5ADAk23z6WFKjLg1jpBnok9yxETikbcsMZRCqFru8yDPkG5nWZ90VxDLTBbHvrA1EfZZ2WWn4Zzb4hXkEhEj6ueJmjxZxbzoWBpRA4TP2zOg4bnxBvlmT7EAKQuidjWyKtEfSuuaTdbPVYA8gakKhbZJEU3qDr1gsMTCYDZJq6XARpTXQzKdRvhRudMVxR01ygHc73inBfN5BI8wsKsR9CXL9Z3TtL6ktg1VbSqW7Xg3v4W0XiNfEGa8Xix3fJmp0419CPUstGQ8ZQYmV0fDuKFINavSRJD5hkDAIPjOjKm41f5SjLox9OssHM0mBAMUj6DUpZKmvX6tF9oy9ydjuxN5vGo7oBKptomHATAWbFncaQQPZVbZFSB4zpXG1iICSAEz6opEkobROe6CkLK3qsYgBmoyaZqg8bxbbVAQtkZFa30SDin8iYLB1x8ausrSCWCrm59N2sT9vRWTbOetA6L4npwU9hzCmj8F2E2vtPtjscUsuA1l2qlVeL7QN2lMegG8fZ1gXFsDoOcZr3whtUJrN81PPWaQ6iO0SfBLng4aOVAliOAykXfKZc6LWAitLfZFeHmewJSTNFb4ZcBs2y2XYKy6EyU6dU2aMvBWvwHLpHgN0aUEFXVpI3mQf0ieUYZ1MUwVWQxkxBXqPkuCHJ3RMhJedzs1jesAJZiuSRe3nnUXLVVKVY7S5kMJ6vlv8kkCpIxl8FickonSwDAawih28rP3BgAq3XalxieAnbVtuA93l00aOoUPnxVPeynYC5vGuwXuqabgBIEDNKlizsq4u6vQ6a3olBSp7ff2xCUeg2g1Abpud5azMxd2G51BAUu8mOm5l03xoR1zyHrkyYz3Xjs6U7s3PK7xvX2KdkI3CixM4sU8fssh2pD4HHCyzckws0Xm0l4DN6SZA3I9RoLCQcpvAWGUSZKLUWxfYHdNrHnI6XQtlS5VQ2VA2VftfDBITyhZgVXxWUhlnfZSwHhtsiPfMT8ujV9UAl9WMS4u7MefcHSF1Xr8BiMvVirGOYjHEjaXOANh5n3XFUEGPaQJrnzXM7jNQM491yAIEl7YPo7F3eSTd448CO3009tsp7aBoVltq8OY8n3LirgbHtPIACljQvJWQyo4PSHopgjyjo9x4fCXZvlXACMy0sE6tDBqLkXKXhie5CisDKsvoOBt4dwMziBOcQbzDlWL95F7NL7Kxoe24LcRJj2UoquOGIFL0sZgnd0XmLaauHEhgPlT3rMXjgG4wvgjR6TzTRWNa8n9THhRPfDyinR74cLnGplHQY1rM9kAAm00gx6ofaWQekuj2ZQKWjIGZLYE03gdqOLsfa5t67iLjzlRDxUXbeLbCGbX8OonzyVoK03jYt3ZjGxee4OqT1ANq0jBEsD6p1hLTwXAV6ZhGWXItdnaGM384ZR8iNiEEtsTNH84T9ITVam3V26L0JWP3orPFYIcHpPUjNF74qLOIzCXz6uGYm5B5xIkYn2YwAmy8TIGljOOeNSZ7Qxpl1PxpXG2hqx5HrvFNV3Uo3Phzogrgvtg7oW4YggBQg3rvoL9yDyGifMSfUBglVTeoa0K1mG1qlLk94RV7M348tdS7WUt68dCZzW3LIJIHZwjZBchbtat83nAWkmmB2agJHYvQWB6f3Bdh2EjwHXK8mKcFhS1UONiQgRidHJsfygb37z4YU6GWXuhzNtriB3EJjxzgwd10ZpWGnnvcrIYSEjVJUryyBpqOIwxTERXFJF1KUzPhInlJQyftViqr8vBeFAeYe57E04h1GqcVYaaGftE1edk7XD27Fdvrd0xdGrsfspaKDjncctG9RVY4IKigG8FUpCOik63u029By9N29tt1dw5beH03CHTHS3YQs8ol4WSoN9dfghMfmozgSYYep2PdfVqA60vqlFhUUpDMiICMIXoA6EVABS8Rq8HmspJlbQEZqUvPl0CLAGVZsDkshNpWd1WKnOTJiomDUyszhQQ9GxO5c4NIRUOaDG1QsyLISXw8KLLC6Q8bCJvjIDBIws8QVxNnCnXJi5eR8MPaWT9UcmQUyvrX7eQEuWSr3StHIMZO8oS0oJJJdKm3XXD72xsVGy5RIG6tsQRNEUpQ3arTTW5EaOVncVTvg8RSyhJhZqw1nzA2Snd9fWjFntlgi7mZBSYmHDEYkRfvLDxjiacl93ISIuNeuptLFv88lOrxYRjBoY1dZTbHu1Mcno9N5pBhwouE85vXN4uRjq1Ukp3hdagzfCCcK4maYZXc4odTlCKW8dcHGLqVnbEAcP7Cl371tXBNPwMxn775rUNHtppJ2oR47mNIKPijf6Ghwh40oUovcx8Pc9XfrCfgk3Dpj4XycdGY9mQtOVTLSuK4DoC8mgIZiqIFosx17WgKUmyvJqqkPUIy96kV7iCpdPsam1YrmQyWAxgJBOeGvqQ1OTbqy9FzPSc82ReetP9Id8QeombbLZ09mdYxgfKkTpceJ4i1WBwojGRLzpnpOATlbGMbF3ECpVE1kosdf3689F3Fj2lOZ7mLZlV5njYvDwz9DXcFl9FaVOriBpL7GKQMdsPVEJXhWxmpSFZKQVRjbjo80Xz3eVArpEMwD8UvM6azgno5VbpAvVUEO4XHfTEj0BXOHI7hxjsM3vszi1ySq68HDlNieqbtxAZaUVJDjoIiJ3JRE5xrFY2nPBFrl2TUZQ5bAWUQpn9znaLoDRpHwKpu6ZPufksIP3gfidR50XpbYyBl0Nh9QSDPX8WjeXkCHHHfBUekpmkgxyKWY4cARw44gYN7cGVfcqrc6iQRdjluprmvdNF4hcM7au1g62jmaqPcbtGdyItcuZMkfgg5xuPSUHiv6BHhOi5NU0hfwscEnAFu45AsIKuJlek4htrbg6EPCvnMZJQWeJpEt2iECDZMlV1OzAo6uBWBEBm9IkTK60v2wHJUl1KBOX1vG6YNx2J5b40lecGmgoViDmx8RNDWS03J9CdDa0TETOTZVL165HrXBARmux6NEiLc1PnulRQWq59DZLhcSK8KkVwvDsAf3p3VHys3UXNAfpTp63dmroHKWJtDS50u6zIANNpMfir5gt0TUATKnidKoKSVC4ev5BJiZSQw0ovaIoU8q1bgEMBWcBldKNW3vsOh19MBxZAodLD4vppZ89ijWpG4VYxLoqbsKLPtvUqP4nrDy1ADuNycTKnfplhEFv8Bcmf68XxXUccvYB832WMRqZ7K4lX7mNvWwfse9Fz0tx5btZKg42LnkKEOXMgflhU3l6eMa456eNc3jupD35MjTVI3faWz2NqGDj1Bofy51FFXAJQH1zdZXbcU3jiY5ubpQbBkrhXGQBNRFlEj6lF3pE4GhySoBd0B0msN3i3szeyp6TRPra0XfanQzRCIG31JHHlvjvkVD2lLS1AiKkcdCUX0ZURjgMxTApWIyJxOhGhGJRJLVTRW7v26pB9BOVJ6qQ4s6L49UPmLDjjJvss5o0yrzrzsGeK7ciCyWXiKZhsZmi8ro1KE6MQhoaqBWxC1r2S31xsXPm4RXNXzhjupbVhpAJBfSos8DaYpXqTuRXHtyhYcEL6tkvRVttTff9ttADShlxBexm8xr97WqbNXzH1zHiRRte42LK1yp6N4yV6bjaaNntbBKNiebUqwtq98n8TOjBf9x33Po46mUx0XkSqwX9ZcQQdJ2IA2KHbURvEe9XLtD7cmO1rz9F1kPSllFFjIyGOcdYth4XztrGZ2o0u8AMUZvSMDfhmSW1hBZvMQWsLAKOAHkegMZ9fMdBbTlWNmWMPpwt8bHIOz9SCmEkH3t2BsgcBso0yEROL0zjKZhEdIvGMdTvTD8vNlcg6TnmQgVYlOONvYaGY8oHkG3kuTnxeZj128GtBnlWuXxEkoPLP1vsx5bjf0cyxEaV3IjFp0gQ62WqkKVlf1keJ9KAubbXIz9bDukyAsjUwJXjqy6D9Rtxip7MikAq0hJEp1leE6N1QsiGBVOF7XqBHF6iliDjZ62gfGJFIFFCau20GNJAUvb8vqXrz9ymN0nmh1kZ5VLlhfLe5WfQuSpJ2oHmcNTvbhSS77M4uNciF3rHtKXnAuwUyDVm5yj82GmFG6yRwKgyc85vZw762LuFV3Gqpowo3O9nvgMvzw4NP2CTz7WN9sK8UJl6Vs23,00807064e7b9ad161dafde9f7f6b66eacf1d3138e8ada027117af49128169f36fd8e5800bf45a5192932c3be96f69dde257b8d087568a94f3a77c1bef5481a5f,Length Extension Attack,file_8.txt,file_8.txt,00807064e7b9ad161dafde9f7f6b66eacf1d3138e8ada027117af49128169f36fd8e5800bf45a5192932c3be96f69dde257b8d087568a94f3a77c1bef5481a5f,ad72295d890ae566419f4de5adef71a45297a41d453dd8f0176049326ff941d2c70035ecea99fde46d526bb289e46adabe5167c348f8a643d46b555039602743
file_9.txt,4401,1jxG3Ynglr71ZLEVgwExa4kW9aZ5nU7ydv2O1CF6XGflJMQ5lF5M68mjSdlPq8E0kbhiL2ZkNzD5Y833C7YEw1TEtYzfwehRTDp5YbgXpCLSQEu40K0OOzLcBdw6ta8a0idFWMsUGqrPYX3QPOb2DRItU6DRLkXq97OclZjfycFWLNCEjZBWEp605GCnsCyQnz1hzEiBIpnVoVQPiiqjlUotJ0VjiKADfgNsGhDeM6oYemcqGCFMUbJA0I6l7NtYuDmtG2k2J6pXDGIYwPMCWnCjgF0A8pEaUY6d1p4boO69r6vd38679RDRnd1Sr2ErtFPoI5dvQGONFNLkYjvjNevV5cjECxX4PS1m1FBdCD2PwSImpKxiLytmt9vGRwAKH2ZZwlp0bW9bzg5vXjfDSXcQgfx8bXfWTr6jRNqmrZljA9ZwYOHQwkU9MP2ywk05FKp8cFRzcpGKluPOxV5M4eHNTcqyRYhJoGjXPBQAWm5zLGpM6e0aQbg8QFYUB71SZwnARtz7mGkEet3wQlygxcIwYsFBYdD0j8KJhvOkzDKYTGxY0uMdOPbhZM6O6jrDUvuXXIZqrKcG5iyd7PcNABQhOe18YSdLuUp1A9lSN1LeUHoHqjNkH1SNVHTxGdqXUrrRlWwBiC7ullp2ilCPKDl1uMkWTAy3jFyrjb9ZreOJd0AxqvHyPNzb4w5RVSQw5HFc48nL3V9XkEGkIvrpz1vuL9tgkGkY34Kx5EueMbYk61jrVub8KL5ixL4xd0KwlIDlZtkZvOrJrzDTE4oW3k54Hriz70oMVmU82fAZo6QwxVfWCq33k6ilZUhnQA2rpQFj22oOCh01Bn1lq1J584DpxeeFl38tcaRYZ5JjWaA2VC2R4cqVLOH3fDBMJgr777b6dOzKzFwBoXTWv10f3a6EZjwPXP5GR6oaK5xbgODqN2vTfq6ooT5erishUIdQy9CbMp3UKEOOPWR3N0KPD2EnWpvxnyxVUd0dRJrBrszZQ1yHTIPMNubTShNQLzl3ggVf8PIVmBU7HNfwJpTnHPvjVgGNAMKG07DgAviHVS1pFgkO4Kh53T5fMN6ejmSpHISqL4rvBpRdDfDy8HypvBresj17LImo9HmuxfK9DcWxuoyeggptXcaVkJiu680mPYA8WDO0BS1noXD0DIJ6iwI99TZmP87YWAR3u2O7d4yUNkw6E9z1kq0DfvKG133huYvV9q5fc8JPV4Q5qyeipAF7KgKK1cbpPG6CGxIpIIOx0tgww8cDAysxpVp9yv7aRfRz9MWxpcis6gVCWfuKbqwKew17ClrJrlAAr0WnVKVGCCD4XNyjeDpzajYgKT1Jz7F5jyN5URVnZK7YJCLPGVcqZraQZqFKMZ1RqrIxtM2qTgiBL9oO2YPhpBlKcMCvG8KPgVWukdGU9W69dp49h4NI40BxrheUiSGBHSAW0daEJAnhA1oyT8PJxBDcjxkn5niEJT8zDn4BXFTz3pIkjIXoMJltFORzp1Z9LpdBh4UhR5Tk5BNkwmMXbHzOq1trBjDU5422OkMdFng8f8Lmnl0eU2C4qGCHXOyPHKghIuCsjfS2DvgoH6CdfUMVZyO7m8PirOXepTwVbqskouPpN2vbe2F5jX8iMlD7hR1HN5U5ezZghtklALyB2qBP1fpG9fBreVWbKRf9EZLC0uNTLNH0b8er9WOAPTprBx34IM8H7UIG7sfH2UZrmX5I32MScSKEnQROgCC9LIzjgwRKwDr6PFGjH62t8IgA4QOZp3w8pxpbpCye0YQw3Jf9GGJ9KC40xLJDWaRtUPCmSnvPbnjn7lB85d8nBbmz0GCAp8qPXMnhnC199OWuFhMcJtIHN6KSElPFcTPYXRe0rsk5U5gPWVOfq3jJiFWeiHMxaD2C8O3csMA9Wzz5m687TuWKKdjRuZ97N7sn0MyAohE7Y57s8mexwq7om3e1QAMlS7vk47uzJP6kOaPtVNXWgPnyFY1hEJEIBPySLRcciZN9Bb9wppjurEq1W8ofAd0fVgO6a1f1a8TSP2iw1vlBkS3IPt7LUQpTWSx1GkZOnImIB6J172rCkgFWuy4a7f1dLKCGfR32tbDXjePz3H4ktpSvH99nTiWwnW0mTB12lle84bscxCHCoYQ7ZssLHy1IhnQ2H3SWef8y1p6Do8qQbmfbhM2bOLOHhKl2v6bDTJsq4UHito6EuZcqcbZi8rZOwOOOUbVo6hxf2c2JUIuFEIMH43CDTxNf7mhiGgr9bvFqiJhlwtUgMoXiZFNBvMKyYVlzzRXoNesJ8E74JUcci4Mmx2GFoBWy2kzXJxi5xd0eDc8nqKuPIp5bsIBiVE798LviuGhomp9r6ikQm76QY2hFr8mHy4o8mcrEzzNcMh5xCCfG02bEKQg0MPOGD0G1bSYoEjBqxreCOstSIPbfcE40P8kvRzVc64GqwK7GTEXjqPEXkbuz23kdxl2omAKxRvW2Q9O03AkStK355Rjx7pr7ZdTYQGqRqTo2EpSd9mMw37IrxdvjIGx04h2Xr88Le1oBLTp8Jt1NI5JbYWEyCqVGASWC8eZHmYh14wA6FmOmbNQODO0UhFnj6NtGTviBNPjsKiuzRazByNcivav6Vhcjip0anHLLEuchCJ7lQelHHgqWdfTFi4TH31k8C2QVHJ0v4wbB1lnsNTWtj9C0AmoIFdbHt9mQHrNQEIXphHf7C0b2XQBpRGIWtCQHRl1B04tPO9S3joGjOQTn0ajUWbIWN4PIW36tTClKmcDkaNrw005lqQSo8OmSSlXVcfJi6HGCnc2qryXKwGznm5uRTQFJ5IwSkEWTUjF8OmE9fo9ivbpKcitTYOpKqqJHlZnGlduCJMYjnnismcx1RfkkPENvnQSErj5LAdf5WEKHuQC3w2YY6EUt3KEWBYbB8xnNsnRoNO3IPghBYyHY1qWuAFb3tAGYyLakYCpJYZgoqzz5SbQKi9P5uJ7VYXHhfC8wi3ThsApFAtdjv7UelvScOTEobkUxxUx9inmSEVdyaSWWILxEPwwFg9Yf885s4IheGiiI0DOpwf5612V3RqG8bJmmgE1Aj3EiuiPHbzTzSigM56UAN6eFulZpAQuFAnWOETbNKi4dStjsDXTDl8RtDJWtOCLw0yrstY2EyeAdLU1deyZM7VccQzj8No9efMX7UQDnsgsv0xXo1gznAFGWKVrBOIA5D9M1OIJ8gHSVDDncGUbclc1UZMhYB5hx6Qa6HiDPJfwn6tnmlORmYJvJSYFhpkRM1M1Bch1aR9IVn5rn2qhXdJCLu0rBj9UtndcJ3fUiU1HfrubIafv7lmeaqr0tVD2rVoKapou3T8x9sKeVQMwLeXEKFcE5FwPU6PGMZLYDs49AKf2pkfLU5hyvpz3GjgT8rRShAtsFHPWcGVmW1elukeuBbSMpfeweMeUUGuTnXL6pXnPtGQEDUps8DPao5ddnMrBvPV8mll2yxABTP6BcmXmAVUTb06l36Bda4R40WwvWZFLeBo0C9MEgfsMoNZMHNUhCmIRzjTK8SYRPNiEqyl9IZDS22vJ33EeL6T7PPHU5OxE46t636GzXpNK0h02fazufofwyr8I0lZ7mnhWhuT060ORE0yXzYbD6LaUHUIPPTwm4U2zeLd8gVyczZqLitm0OgWyIwHDjv9bMvGTRKeqQg9AORdR9ihaE9KijFszs0TyErthdOfFWe8NYJqTbzbSQBXhKWUiSi6g2o74Ka441K9cLRb1TjymmUJ2wc5ThswWgc56NKDIWr9ZhfEtIe4uUalB6qqfriMP4Tz6dKmyiCkyuXew49ZicXMdlcfPkQbjxZZSBmOti4uVp7hBblX94E2clyX4H9RXm03NZV79dpo63hdNtcVJBrCVvmnJbSgjRouHSPtDRKg3sVJPAMqPazuwA28aakAwQQ9mPoGQAJg3puAiySL2T8G7tN4puRJGhujDpnATRKEHtpkDuyxk2g7YLPKcEKGOQO2EiVYnysaQeX1KiWizktlS0dVAjSnkqGzVkv30TlADzQxWRBVVRcK8o4YRdG0IRM0fdpiGNbXXsEQPe5e6r7LMeVy0zwpepPFgws1Uy0FDVzgRBXHf0VwwrecneRcQbeS0BA5hhufaeBFfToe9sudOuVbUqKzJ9yyXy1O8K5DCFDQH80LRKndZQiPWYZQmIRlZ3HQn2TLv5pzsY3u0JdBpcvrTmRJmJF5FpuQy28Mpm50kBxvNAszUFtHMKk7VQqEljjrt27NIXzkeuZgtbSl6lDAEvHRJKaR25oRRIldT0lj36f1t9mKAOpx3AJqiBaaZMfRKslraVyDJz0Cj42MRb7XNoOWgAQQBrPcBvj2zqmB9A0JcW7NnK41lqlVfjUsaZysyBfM02gmjxqZWz7tS6JGRDK,08071c9cb81a3c77d1fb2544095681213663f55bcec955cd8b9c7e087d41c01e23c544111dcb519538c00161b5fc1deb52dee231845d2379378eb05003352ba2,Length Extension Attack,file_9.txt,file_9.txt,08071c9cb81a3c77d1fb2544095681213663f55bcec955cd8b9c7e087d41c01e23c544111dcb519538c00161b5fc1deb52dee231845d2379378eb05003352ba2,595b580dd1ccd26af218120bac3123a132c20789fb91e5abde91c322f90a8eb58c845daa562edb47c17aa2cafd470547889401327a8847ee49ba3e7c8607d68a
